0	1
OUG 13_24.04.2012.pdf	https://www.senat.ro/PAGINI/OUG13_2012.pdf
- adresa de înaintare a iniţiativei legislative pentru dezbatere.pdf	https://www.senat.ro/legis/PDF\2019\19L105AD.pdf
- forma iniţiatorului.pdf	https://www.senat.ro/legis/PDF\2019\19L105FG.pdf
- expunerea de motive la iniţiativa legislativă.pdf	https://www.senat.ro/legis/PDF\2019\19L105EM.pdf
- adresa pentru aviz la Consiliul legislativ, Guvern, Consiliul economic şi social,….pdf	https://www.senat.ro/legis/PDF\2019\19L105AV.pdf
- avizul Consiliului Legislativ.pdf	https://www.senat.ro/legis/PDF\2019\19L105LG.pdf
- avizul Consiliului Economic şi Social.pdf	https://www.senat.ro/legis/PDF\2019\19L105ES.pdf
- aviz - Comisia pentru buget, finanţe, activitate bancară şi piaţă de capital.pdf	https://www.senat.ro/legis/PDF\2019\19L105ca3.pdf
- raportul comisiei sesizate în fond.pdf	https://www.senat.ro/legis/PDF\2019\19L105CR.pdf
- forma adoptată de Senat.pdf	https://www.senat.ro/legis/PDF\2019\19L105FS.pdf
- adresa prin care iniţiativa legislativă este transmisă la cealaltă Cameră spre dezbatere.pdf	https://www.senat.ro/legis/PDF\2019\19L105AM.pdf
- adresa prin care se comunică respingerea definitivă a iniţiativei legislative.pdf	https://www.senat.ro/legis/PDF\2019\19L105ARD.pdf
- Evaluare primară.pdf	https://www.senat.ro/legis/PDF\2019\19L105EV.pdf
