0	1
OUG 13_24.04.2012.pdf	https://www.senat.ro/PAGINI/OUG13_2012.pdf
- adresa de înaintare a iniţiativei legislative pentru dezbatere.pdf	https://www.senat.ro/legis/PDF\2019\19L054AD.pdf
- adresa de desesizare a Camerei care nu are competenţă de primă Cameră sesizată.pdf	https://www.senat.ro/legis/PDF\2019\19L054DE.pdf
- forma iniţiatorului.pdf	https://www.senat.ro/legis/PDF\2019\19L054FG.pdf
- expunerea de motive la iniţiativa legislativă.pdf	https://www.senat.ro/legis/PDF\2019\19L054EM.pdf
- adresa pentru aviz la Consiliul legislativ, Guvern, Consiliul economic şi social,….pdf	https://www.senat.ro/legis/PDF\2019\19L054AV.pdf
- avizul Consiliului Legislativ.pdf	https://www.senat.ro/legis/PDF\2019\19L054LG.pdf
- avizul Consiliului Economic şi Social.pdf	https://www.senat.ro/legis/PDF\2019\19L054ES.pdf
- punctul de vedere al Guvernului.pdf	https://www.senat.ro/legis/PDF\2019\19L054PV.pdf
- aviz - Comisia juridică, de numiri, disciplină, imunităţi şi validări.pdf	https://www.senat.ro/legis/PDF\2019\19L054ca12.pdf
- aviz - Comisia pentru muncă, familie şi protecţie socială.pdf	https://www.senat.ro/legis/PDF\2019\19L054ca8.pdf
- aviz - Comisia pentru drepturile omului, egalitate de şanse, culte şi minorităţi.pdf	https://www.senat.ro/legis/PDF\2019\19L054ca45.pdf
- raportul comisiei sesizate în fond.pdf	https://www.senat.ro/legis/PDF\2019\19L054CR.pdf
- adresa de resesizare a comisiei pentru raport suplimentar.pdf	https://www.senat.ro/legis/PDF\2019\19L054AT.pdf
- forma adoptată de Senat.pdf	https://www.senat.ro/legis/PDF\2019\19L054FS.pdf
- adresa prin care iniţiativa legislativă este transmisă la cealaltă Cameră spre dezbatere.pdf	https://www.senat.ro/legis/PDF\2019\19L054AM.pdf
- Evaluare primară.pdf	https://www.senat.ro/legis/PDF\2019\19L054EV.pdf
