0	1
Expunerea de motive	http://www.cdep.ro/proiecte/2019/200/10/3/em263.pdf
Forma iniţiatorului	http://www.cdep.ro/proiecte/2019/200/10/3/pl263.pdf
Avizul Consiliului Economic şi Social	http://www.cdep.ro/proiecte/2019/200/10/3/ces263.pdf
Avizul Consiliului Legislativ	http://www.cdep.ro/proiecte/2019/200/10/3/cl263.pdf
Adresa Senatului	http://www.cdep.ro/proiecte/2019/200/10/3/as213.pdf
Adresa iniţiatorului	http://www.cdep.ro/proiecte/2019/200/10/3/in263.pdf
Punctul de vedere al Guvernului	http://www.cdep.ro/proiecte/2019/200/10/3/pvg213_2019.pdf
Situația privind împlinirea termenelor constituționale pentru adoptarea proiectelor de lege_propunerilor legislative înregistrate la Camera Deputaților ca primă Cameră sesizată	http://www.cdep.ro/proiecte/2019/200/10/3/Situatie%20privind%20implinirea%20termenelor.pdf
Forma adoptată de Cameră	http://www.cdep.ro/pls/proiecte/docs/2019/cd213_19.pdf
primire aviz de la:  Comisia juridică, de disciplină şi imunităţi	http://www.cdep.ro/comisii/juridica/pdf/2020/av213_19.pdf
