0	1
OUG 13_24.04.2012.pdf	https://www.senat.ro/PAGINI/OUG13_2012.pdf
- adresa de înaintare a iniţiativei legislative pentru dezbatere.pdf	https://www.senat.ro/legis/PDF\2018\18L059AD.pdf
- adresa de desesizare a Camerei care nu are competenţă de primă Cameră sesizată.pdf	https://www.senat.ro/legis/PDF\2018\18L059DE.pdf
- forma iniţiatorului.pdf	https://www.senat.ro/legis/PDF\2018\18L059FG.pdf
- expunerea de motive la iniţiativa legislativă.pdf	https://www.senat.ro/legis/PDF\2018\18L059EM.pdf
- adresa pentru aviz la Consiliul legislativ, Guvern, Consiliul economic şi social,….pdf	https://www.senat.ro/legis/PDF\2018\18L059AV.pdf
- avizul Consiliului Legislativ.pdf	https://www.senat.ro/legis/PDF\2018\18L059LG.pdf
- aviz - Comisia pentru buget, finanţe, activitate bancară şi piaţă de capital.pdf	https://www.senat.ro/legis/PDF\2018\18L059ca3.pdf
- raportul comisiei sesizate în fond.pdf	https://www.senat.ro/legis/PDF\2018\18L059CR.pdf
- adresa de resesizare a comisiei pentru raport suplimentar.pdf	https://www.senat.ro/legis/PDF\2018\18L059AT.pdf
- forma adoptată de Senat.pdf	https://www.senat.ro/legis/PDF\2018\18L059FS.pdf
- adresa prin care iniţiativa legislativă este transmisă la cealaltă Cameră spre dezbatere.pdf	https://www.senat.ro/legis/PDF\2018\18L059AM.pdf
- Evaluare primară.pdf	https://www.senat.ro/legis/PDF\2018\18L059EV.pdf
