0	1
OUG 13_24.04.2012.pdf	https://www.senat.ro/PAGINI/OUG13_2012.pdf
- adresa de înaintare a iniţiativei legislative pentru dezbatere.pdf	https://www.senat.ro/legis/PDF\2019\19L098AD.pdf
- adresa de desesizare a Camerei care nu are competenţă de primă Cameră sesizată.pdf	https://www.senat.ro/legis/PDF\2019\19L098DE.pdf
- forma iniţiatorului.pdf	https://www.senat.ro/legis/PDF\2019\19L098FG.pdf
- expunerea de motive la iniţiativa legislativă.pdf	https://www.senat.ro/legis/PDF\2019\19L098EM.pdf
- adresa pentru aviz la Consiliul legislativ, Guvern, Consiliul economic şi social,….pdf	https://www.senat.ro/legis/PDF\2019\19L098AV.pdf
- avizul Consiliului Legislativ.pdf	https://www.senat.ro/legis/PDF\2019\19L098LG.pdf
- avizul Consiliului Economic şi Social.pdf	https://www.senat.ro/legis/PDF\2019\19L098ES.pdf
- punctul de vedere al Guvernului.pdf	https://www.senat.ro/legis/PDF\2019\19L098PV.pdf
- aviz - Comisia juridică, de numiri, disciplină, imunităţi şi validări.pdf	https://www.senat.ro/legis/PDF\2019\19L098ca12.pdf
- raportul comisiei sesizate în fond.pdf	https://www.senat.ro/legis/PDF\2019\19L098CR.pdf
- adresa prin care se comunică respingerea iniţiativei legislative.pdf	https://www.senat.ro/legis/PDF\2019\19L098AA.pdf
- adresa prin care iniţiativa legislativă este transmisă la cealaltă Cameră spre dezbatere.pdf	https://www.senat.ro/legis/PDF\2019\19L098AM.pdf
- adresa prin care se comunică respingerea definitivă a iniţiativei legislative.pdf	https://www.senat.ro/legis/PDF\2019\19L098ARD.pdf
