0	1
OUG 13_24.04.2012.pdf	https://www.senat.ro/PAGINI/OUG13_2012.pdf
- adresa de înaintare a iniţiativei legislative pentru dezbatere.pdf	https://www.senat.ro/legis/PDF\2018\18L648AD.pdf
- forma iniţiatorului.pdf	https://www.senat.ro/legis/PDF\2018\18L648FG.pdf
- expunerea de motive la iniţiativa legislativă.pdf	https://www.senat.ro/legis/PDF\2018\18L648EM.pdf
- avizul Consiliului Legislativ.pdf	https://www.senat.ro/legis/PDF\2018\18L648LG.pdf
- punctul de vedere al Guvernului.pdf	https://www.senat.ro/legis/PDF\2018\18L648PV.pdf
- aviz - Comisia pentru buget, finanţe, activitate bancară şi piaţă de capital.pdf	https://www.senat.ro/legis/PDF\2018\18L648ca3.pdf
- aviz - Comisia pentru muncă, familie şi protecţie socială.pdf	https://www.senat.ro/legis/PDF\2018\18L648ca8.pdf
- aviz - Comisia pentru învăţământ, ştiinţă, tineret şi sport.pdf	https://www.senat.ro/legis/PDF\2018\18L648ca9.pdf
- aviz - Comisia pentru cultură și media.pdf	https://www.senat.ro/legis/PDF\2018\18L648ca49.pdf
- raportul comisiei sesizate în fond.pdf	https://www.senat.ro/legis/PDF\2018\18L648CR.pdf
- forma adoptată de Senat.pdf	https://www.senat.ro/legis/PDF\2018\18L648FS.pdf
- adresa prin care iniţiativa legislativă este transmisă la cealaltă Cameră spre dezbatere.pdf	https://www.senat.ro/legis/PDF\2018\18L648AM.pdf
- forma adoptată de Camera Deputaţilor.pdf	https://www.senat.ro/legis/PDF\2018\18L648FC.pdf
