0	1
OUG 13_24.04.2012.pdf	https://www.senat.ro/PAGINI/OUG13_2012.pdf
- adresa de înaintare a iniţiativei legislative pentru dezbatere.pdf	https://www.senat.ro/legis/PDF\2018\18L738AD.pdf
- adresa de desesizare a Camerei care nu are competenţă de primă Cameră sesizată.pdf	https://www.senat.ro/legis/PDF\2018\18L738DE.pdf
- forma iniţiatorului.pdf	https://www.senat.ro/legis/PDF\2018\18L738FG.pdf
- expunerea de motive la iniţiativa legislativă.pdf	https://www.senat.ro/legis/PDF\2018\18L738EM.pdf
- adresa pentru aviz la Consiliul legislativ, Guvern, Consiliul economic şi social,….pdf	https://www.senat.ro/legis/PDF\2018\18L738AV.pdf
- avizul Consiliului Legislativ.pdf	https://www.senat.ro/legis/PDF\2018\18L738LG.pdf
- avizul Consiliului Economic şi Social.pdf	https://www.senat.ro/legis/PDF\2018\18L738ES.pdf
- punctul de vedere al Guvernului.pdf	https://www.senat.ro/legis/PDF\2018\18L738PV.pdf
- aviz - Comisia pentru administraţie publică.pdf	https://www.senat.ro/legis/PDF\2018\18L738ca41.pdf
- aviz - Comisia pentru învăţământ, ştiinţă, tineret şi sport.pdf	https://www.senat.ro/legis/PDF\2018\18L738ca9.pdf
- raportul comisiei sesizate în fond.pdf	https://www.senat.ro/legis/PDF\2018\18L738CR.pdf
- forma adoptată de Senat.pdf	https://www.senat.ro/legis/PDF\2018\18L738FS.pdf
- adresa prin care iniţiativa legislativă este transmisă la cealaltă Cameră spre dezbatere.pdf	https://www.senat.ro/legis/PDF\2018\18L738AM.pdf
- forma adoptată de Camera Deputaţilor.pdf	https://www.senat.ro/legis/PDF\2018\18L738FC.pdf
- adresa pentru exercitarea dreptului de sesizare a Curţii Constituţionale.pdf	https://www.senat.ro/legis/PDF\2018\18L738AXS.pdf
- forma trimisă la promulgare.pdf	https://www.senat.ro/legis/PDF\2018\18L738LP.pdf
- decretul de promulgare.pdf	https://www.senat.ro/legis/PDF\2018\18L738DP.pdf
- adresa pentru forma promulgată.pdf	https://www.senat.ro/legis/PDF\2018\18L738AFP.pdf
- forma promulgată.pdf	https://www.senat.ro/legis/PDF\2018\18L738FP.pdf
- Evaluare primară.pdf	https://www.senat.ro/legis/PDF\2018\18L738EV.pdf
