0	1
OUG 13_24.04.2012.pdf	https://www.senat.ro/PAGINI/OUG13_2012.pdf
- adresa de înaintare a iniţiativei legislative pentru dezbatere.pdf	https://www.senat.ro/legis/PDF\2019\19L034AD.pdf
- adresa de desesizare a Camerei care nu are competenţă de primă Cameră sesizată.pdf	https://www.senat.ro/legis/PDF\2019\19L034DE.pdf
- forma iniţiatorului.pdf	https://www.senat.ro/legis/PDF\2019\19L034FG.pdf
- expunerea de motive la iniţiativa legislativă.pdf	https://www.senat.ro/legis/PDF\2019\19L034EM.pdf
- adresa pentru aviz la Consiliul legislativ, Guvern, Consiliul economic şi social,….pdf	https://www.senat.ro/legis/PDF\2019\19L034AV.pdf
- avizul Consiliului Legislativ.pdf	https://www.senat.ro/legis/PDF\2019\19L034LG.pdf
- punctul de vedere al Guvernului.pdf	https://www.senat.ro/legis/PDF\2019\19L034PV.pdf
- aviz - Comisia pentru mediu.pdf	https://www.senat.ro/legis/PDF\2019\19L034ca19.pdf
- aviz - Comisia pentru muncă, familie şi protecţie socială.pdf	https://www.senat.ro/legis/PDF\2019\19L034ca8.pdf
- aviz - Comisia pentru sănătate publică.pdf	https://www.senat.ro/legis/PDF\2019\19L034ca14.pdf
- aviz - Comisia pentru drepturile omului, egalitate de şanse, culte şi minorităţi.pdf	https://www.senat.ro/legis/PDF\2019\19L034ca45.pdf
- raportul comisiei sesizate în fond.pdf	https://www.senat.ro/legis/PDF\2019\19L034CR.pdf
- adresa prin care se comunică respingerea iniţiativei legislative.pdf	https://www.senat.ro/legis/PDF\2019\19L034AA.pdf
- adresa prin care iniţiativa legislativă este transmisă la cealaltă Cameră spre dezbatere.pdf	https://www.senat.ro/legis/PDF\2019\19L034AM.pdf
- forma adoptată de Camera Deputaţilor.pdf	https://www.senat.ro/legis/PDF\2019\19L034FC.pdf
- adresa pentru exercitarea dreptului de sesizare a Curţii Constituţionale.pdf	https://www.senat.ro/legis/PDF\2019\19L034AXS.pdf
- forma trimisă la promulgare.pdf	https://www.senat.ro/legis/PDF\2019\19L034LP.pdf
- cerere de reexaminare a Preşedintelui României.pdf	https://www.senat.ro/legis/PDF\2019\19L034RX.pdf
- avizul comisiei la reexaminare.pdf	https://www.senat.ro/legis/PDF\2019\19L034XA.pdf
- raportul comisiei ca urmare a cererii de reexaminare a Președintelui României.pdf	https://www.senat.ro/legis/PDF\2019\19L034CX.pdf
- forma adoptată de Camera Deputaţilor - în urma reexaminării.pdf	https://www.senat.ro/legis/PDF\2019\19L034DX.pdf
- forma adoptată de Senat în urma reexaminării.pdf	https://www.senat.ro/legis/PDF\2019\19L034SX.pdf
- adresa prin care forma reexaminată este transmisă la cealaltă Cameră.pdf	https://www.senat.ro/legis/PDF\2019\19L034XD.pdf
- adresa pentru exercitarea dreptului de sesizare a Curţii Constituţionale în urma reexaminării.pdf	https://www.senat.ro/legis/PDF\2019\19L034XXS.pdf
- forma trimisă la promulgare după reexaminare.pdf	https://www.senat.ro/legis/PDF\2019\19L034PX.pdf
- decretul de promulgare.pdf	https://www.senat.ro/legis/PDF\2019\19L034DP.pdf
- adresa pentru forma promulgată.pdf	https://www.senat.ro/legis/PDF\2019\19L034AFP.pdf
- forma promulgată.pdf	https://www.senat.ro/legis/PDF\2019\19L034FP.pdf
