0	1
OUG 13_24.04.2012.pdf	https://www.senat.ro/PAGINI/OUG13_2012.pdf
- adresa de înaintare a iniţiativei legislative pentru dezbatere.pdf	https://www.senat.ro/legis/PDF\2018\18L219AD.pdf
- forma iniţiatorului.pdf	https://www.senat.ro/legis/PDF\2018\18L219FG.pdf
- expunerea de motive la iniţiativa legislativă.pdf	https://www.senat.ro/legis/PDF\2018\18L219EM.pdf
- adresa pentru aviz la Consiliul legislativ, Guvern, Consiliul economic şi social,….pdf	https://www.senat.ro/legis/PDF\2018\18L219AV.pdf
- avizul Consiliului Legislativ.pdf	https://www.senat.ro/legis/PDF\2018\18L219LG.pdf
- aviz - Comisia economică, industrii şi servicii.pdf	https://www.senat.ro/legis/PDF\2018\18L219ca1.pdf
- raportul comisiei sesizate în fond.pdf	https://www.senat.ro/legis/PDF\2018\18L219CR.pdf
- forma adoptată de Senat.pdf	https://www.senat.ro/legis/PDF\2018\18L219FS.pdf
- adresa prin care iniţiativa legislativă este transmisă la cealaltă Cameră spre dezbatere.pdf	https://www.senat.ro/legis/PDF\2018\18L219AM.pdf
- adresa prin care se comunică respingerea definitivă a iniţiativei legislative.pdf	https://www.senat.ro/legis/PDF\2018\18L219ARD.pdf
