0	1
OUG 13_24.04.2012.pdf	https://www.senat.ro/PAGINI/OUG13_2012.pdf
- adresa de înaintare a iniţiativei legislative pentru dezbatere.pdf	https://www.senat.ro/legis/PDF\2019\19L040AD.pdf
- adresa de desesizare a Camerei care nu are competenţă de primă Cameră sesizată.pdf	https://www.senat.ro/legis/PDF\2019\19L040DE.pdf
- forma iniţiatorului.pdf	https://www.senat.ro/legis/PDF\2019\19L040FG.pdf
- expunerea de motive la iniţiativa legislativă.pdf	https://www.senat.ro/legis/PDF\2019\19L040EM.pdf
- adresa pentru aviz la Consiliul legislativ, Guvern, Consiliul economic şi social,….pdf	https://www.senat.ro/legis/PDF\2019\19L040AV.pdf
- avizul Consiliului Legislativ.pdf	https://www.senat.ro/legis/PDF\2019\19L040LG.pdf
- punctul de vedere al Guvernului.pdf	https://www.senat.ro/legis/PDF\2019\19L040PV.pdf
- raportul comisiei sesizate în fond.pdf	https://www.senat.ro/legis/PDF\2019\19L040CR.pdf
- forma adoptată de Senat.pdf	https://www.senat.ro/legis/PDF\2019\19L040FS.pdf
- adresa prin care iniţiativa legislativă este transmisă la cealaltă Cameră spre dezbatere.pdf	https://www.senat.ro/legis/PDF\2019\19L040AM.pdf
