0	1
OUG 13_24.04.2012.pdf	https://www.senat.ro/PAGINI/OUG13_2012.pdf
- adresa de înaintare a iniţiativei legislative pentru dezbatere.pdf	https://www.senat.ro/legis/PDF\2017\17L465AD.pdf
- adresa de desesizare a Camerei care nu are competenţă de primă Cameră sesizată.pdf	https://www.senat.ro/legis/PDF\2017\17L465DE.pdf
- forma iniţiatorului.pdf	https://www.senat.ro/legis/PDF\2017\17L465FG.pdf
- expunerea de motive la iniţiativa legislativă.pdf	https://www.senat.ro/legis/PDF\2017\17L465EM.pdf
- adresa pentru aviz la Consiliul legislativ, Guvern, Consiliul economic şi social,….pdf	https://www.senat.ro/legis/PDF\2017\17L465AV.pdf
- avizul Consiliului Legislativ.pdf	https://www.senat.ro/legis/PDF\2017\17L465LG.pdf
- punctul de vedere al Guvernului.pdf	https://www.senat.ro/legis/PDF\2017\17L465PV.pdf
- aviz - Comisia juridică, de numiri, disciplină, imunităţi şi validări.pdf	https://www.senat.ro/legis/PDF\2017\17L465ca12.pdf
- raportul comisiei sesizate în fond.pdf	https://www.senat.ro/legis/PDF\2017\17L465CR.pdf
- raport suplimentar 1.pdf	https://www.senat.ro/legis/PDF\2017\17L465S1.pdf
- forma adoptată de Senat.pdf	https://www.senat.ro/legis/PDF\2017\17L465FS.pdf
- adresa prin care iniţiativa legislativă este transmisă la cealaltă Cameră spre dezbatere.pdf	https://www.senat.ro/legis/PDF\2017\17L465AM.pdf
- adresa prin care se comunică respingerea definitivă a iniţiativei legislative.pdf	https://www.senat.ro/legis/PDF\2017\17L465ARD.pdf
- Evaluare primară.pdf	https://www.senat.ro/legis/PDF\2017\17L465EV.pdf
