0	1
OUG 13_24.04.2012.pdf	https://www.senat.ro/PAGINI/OUG13_2012.pdf
- adresa de înaintare a iniţiativei legislative pentru dezbatere.pdf	https://www.senat.ro/legis/PDF\2018\18L012AD.pdf
- forma iniţiatorului.pdf	https://www.senat.ro/legis/PDF\2018\18L012FG.pdf
- expunerea de motive la iniţiativa legislativă.pdf	https://www.senat.ro/legis/PDF\2018\18L012EM.pdf
- avizul Consiliului Legislativ.pdf	https://www.senat.ro/legis/PDF\2018\18L012LG.pdf
- Ordonanţa Guvernului.pdf	https://www.senat.ro/legis/PDF\2018\18L012OG.pdf
- hotărârea de Guvern.pdf	https://www.senat.ro/legis/PDF\2018\18L012HG.pdf
- aviz - Comisia pentru mediu.pdf	https://www.senat.ro/legis/PDF\2018\18L012ca19.pdf
- raportul comisiei sesizate în fond.pdf	https://www.senat.ro/legis/PDF\2018\18L012CR.pdf
- forma adoptată de Senat.pdf	https://www.senat.ro/legis/PDF\2018\18L012FS.pdf
- adresa prin care iniţiativa legislativă este transmisă la cealaltă Cameră spre dezbatere.pdf	https://www.senat.ro/legis/PDF\2018\18L012AM.pdf
- forma adoptată de Camera Deputaţilor.pdf	https://www.senat.ro/legis/PDF\2018\18L012FC.pdf
- adresa pentru exercitarea dreptului de sesizare a Curţii Constituţionale.pdf	https://www.senat.ro/legis/PDF\2018\18L012AXS.pdf
- sesizarea Curţii Constituţionale.pdf	https://www.senat.ro/legis/PDF\2018\18L012SC.pdf
- decizia Curţii Constituţionale.pdf	https://www.senat.ro/legis/PDF\2018\18L012DC.pdf
- forma trimisă la promulgare.pdf	https://www.senat.ro/legis/PDF\2018\18L012LP.pdf
- raportul comisiei ca urmare a cererii de reexaminare a Președintelui României.pdf	https://www.senat.ro/legis/PDF\2018\18L012CX.pdf
- forma adoptată de Camera Deputaţilor - în urma reexaminării.pdf	https://www.senat.ro/legis/PDF\2018\18L012DX.pdf
- forma adoptată de Senat în urma reexaminării.pdf	https://www.senat.ro/legis/PDF\2018\18L012SX.pdf
- adresa prin care forma reexaminată este transmisă la cealaltă Cameră.pdf	https://www.senat.ro/legis/PDF\2018\18L012XD.pdf
- adresa pentru exercitarea dreptului de sesizare a Curţii Constituţionale în urma reexaminării.pdf	https://www.senat.ro/legis/PDF\2018\18L012XXS.pdf
- forma trimisă la promulgare după reexaminare.pdf	https://www.senat.ro/legis/PDF\2018\18L012PX.pdf
- decretul de promulgare.pdf	https://www.senat.ro/legis/PDF\2018\18L012DP.pdf
- adresa pentru forma promulgată.pdf	https://www.senat.ro/legis/PDF\2018\18L012AFP.pdf
- forma promulgată.pdf	https://www.senat.ro/legis/PDF\2018\18L012FP.pdf
