0	1
OUG 13_24.04.2012.pdf	https://www.senat.ro/PAGINI/OUG13_2012.pdf
- adresa de înaintare a iniţiativei legislative pentru dezbatere.pdf	https://www.senat.ro/legis/PDF\2018\18L062AD.pdf
- forma iniţiatorului.pdf	https://www.senat.ro/legis/PDF\2018\18L062FG.pdf
- expunerea de motive la iniţiativa legislativă.pdf	https://www.senat.ro/legis/PDF\2018\18L062EM.pdf
- adresa pentru aviz la Consiliul legislativ, Guvern, Consiliul economic şi social,….pdf	https://www.senat.ro/legis/PDF\2018\18L062AV.pdf
- avizul Consiliului Legislativ.pdf	https://www.senat.ro/legis/PDF\2018\18L062LG.pdf
- punctul de vedere al Guvernului.pdf	https://www.senat.ro/legis/PDF\2018\18L062PV.pdf
- aviz - Comisia pentru mediu.pdf	https://www.senat.ro/legis/PDF\2018\18L062ca19.pdf
- aviz - Comisia pentru administraţie publică, organizarea teritoriului şi protecţia mediului.pdf	https://www.senat.ro/legis/PDF\2018\18L062ca11.pdf
- aviz - Comisia pentru sănătate publică.pdf	https://www.senat.ro/legis/PDF\2018\18L062ca14.pdf
- raportul comisiei sesizate în fond.pdf	https://www.senat.ro/legis/PDF\2018\18L062CR.pdf
- forma adoptată de Senat.pdf	https://www.senat.ro/legis/PDF\2018\18L062FS.pdf
- adresa prin care iniţiativa legislativă este transmisă la cealaltă Cameră spre dezbatere.pdf	https://www.senat.ro/legis/PDF\2018\18L062AM.pdf
- adresa prin care se comunică respingerea definitivă a iniţiativei legislative.pdf	https://www.senat.ro/legis/PDF\2018\18L062ARD.pdf
- Evaluare primară.pdf	https://www.senat.ro/legis/PDF\2018\18L062EV.pdf
