0	1
OUG 13_24.04.2012.pdf	https://www.senat.ro/PAGINI/OUG13_2012.pdf
- adresa de înaintare a iniţiativei legislative pentru dezbatere.pdf	https://www.senat.ro/legis/PDF\2019\19L116AD.pdf
- forma iniţiatorului.pdf	https://www.senat.ro/legis/PDF\2019\19L116FG.pdf
- expunerea de motive la iniţiativa legislativă.pdf	https://www.senat.ro/legis/PDF\2019\19L116EM.pdf
- avizul Consiliului Legislativ.pdf	https://www.senat.ro/legis/PDF\2019\19L116LG.pdf
- Ordonanţa Guvernului.pdf	https://www.senat.ro/legis/PDF\2019\19L116OG.pdf
- hotărârea de Guvern.pdf	https://www.senat.ro/legis/PDF\2019\19L116HG.pdf
- aviz - Comisia pentru administraţie publică.pdf	https://www.senat.ro/legis/PDF\2019\19L116ca41.pdf
- aviz - Comisia pentru apărare, ordine publică şi siguranţă naţională.pdf	https://www.senat.ro/legis/PDF\2019\19L116ca6.pdf
- aviz - Comisia pentru muncă, familie şi protecţie socială.pdf	https://www.senat.ro/legis/PDF\2019\19L116ca8.pdf
- aviz - Comisia pentru comunicaţii şi tehnologia informaţiei.pdf	https://www.senat.ro/legis/PDF\2019\19L116ca44.pdf
- aviz - Comisia pentru drepturile omului, egalitate de şanse, culte şi minorităţi.pdf	https://www.senat.ro/legis/PDF\2019\19L116ca45.pdf
- aviz - Comisia pentru afaceri europene.pdf	https://www.senat.ro/legis/PDF\2019\19L116ca16.pdf
- raportul comisiei sesizate în fond.pdf	https://www.senat.ro/legis/PDF\2019\19L116CR.pdf
- forma adoptată de Senat.pdf	https://www.senat.ro/legis/PDF\2019\19L116FS.pdf
- adresa prin care iniţiativa legislativă este transmisă la cealaltă Cameră spre dezbatere.pdf	https://www.senat.ro/legis/PDF\2019\19L116AM.pdf
