0	1
OUG 13_24.04.2012.pdf	https://www.senat.ro/PAGINI/OUG13_2012.pdf
- adresa de înaintare a iniţiativei legislative pentru dezbatere.pdf	https://www.senat.ro/legis/PDF\2019\19L133AD.pdf
- forma iniţiatorului.pdf	https://www.senat.ro/legis/PDF\2019\19L133FG.pdf
- expunerea de motive la iniţiativa legislativă.pdf	https://www.senat.ro/legis/PDF\2019\19L133EM.pdf
- avizul Consiliului Legislativ.pdf	https://www.senat.ro/legis/PDF\2019\19L133LG.pdf
- Ordonanţa Guvernului.pdf	https://www.senat.ro/legis/PDF\2019\19L133OG.pdf
- hotărârea de Guvern.pdf	https://www.senat.ro/legis/PDF\2019\19L133HG.pdf
- aviz - Comisia juridică, de numiri, disciplină, imunităţi şi validări.pdf	https://www.senat.ro/legis/PDF\2019\19L133ca12.pdf
- aviz - Comisia pentru afaceri europene.pdf	https://www.senat.ro/legis/PDF\2019\19L133ca16.pdf
- raportul comisiei sesizate în fond.pdf	https://www.senat.ro/legis/PDF\2019\19L133CR.pdf
- forma adoptată de Senat.pdf	https://www.senat.ro/legis/PDF\2019\19L133FS.pdf
- adresa prin care iniţiativa legislativă este transmisă la cealaltă Cameră spre dezbatere.pdf	https://www.senat.ro/legis/PDF\2019\19L133AM.pdf
