0	1
OUG 13_24.04.2012.pdf	https://www.senat.ro/PAGINI/OUG13_2012.pdf
- adresa de înaintare a iniţiativei legislative pentru dezbatere.pdf	https://www.senat.ro/legis/PDF\2019\19L122AD.pdf
- forma iniţiatorului.pdf	https://www.senat.ro/legis/PDF\2019\19L122FG.pdf
- expunerea de motive la iniţiativa legislativă.pdf	https://www.senat.ro/legis/PDF\2019\19L122EM.pdf
- avizul Consiliului Legislativ.pdf	https://www.senat.ro/legis/PDF\2019\19L122LG.pdf
- Ordonanţa Guvernului.pdf	https://www.senat.ro/legis/PDF\2019\19L122OG.pdf
- hotărârea de Guvern.pdf	https://www.senat.ro/legis/PDF\2019\19L122HG.pdf
- aviz - Comisia pentru buget, finanţe, activitate bancară şi piaţă de capital.pdf	https://www.senat.ro/legis/PDF\2019\19L122ca3.pdf
- aviz - Comisia pentru administraţie publică.pdf	https://www.senat.ro/legis/PDF\2019\19L122ca41.pdf
- aviz - Comisia pentru sănătate publică.pdf	https://www.senat.ro/legis/PDF\2019\19L122ca14.pdf
- raportul comisiei sesizate în fond.pdf	https://www.senat.ro/legis/PDF\2019\19L122CR.pdf
- forma adoptată de Senat.pdf	https://www.senat.ro/legis/PDF\2019\19L122FS.pdf
- adresa prin care iniţiativa legislativă este transmisă la cealaltă Cameră spre dezbatere.pdf	https://www.senat.ro/legis/PDF\2019\19L122AM.pdf
- forma adoptată de Camera Deputaţilor.pdf	https://www.senat.ro/legis/PDF\2019\19L122FC.pdf
- adresa pentru exercitarea dreptului de sesizare a Curţii Constituţionale.pdf	https://www.senat.ro/legis/PDF\2019\19L122AXS.pdf
- forma trimisă la promulgare.pdf	https://www.senat.ro/legis/PDF\2019\19L122LP.pdf
- decretul de promulgare.pdf	https://www.senat.ro/legis/PDF\2019\19L122DP.pdf
- adresa pentru forma promulgată.pdf	https://www.senat.ro/legis/PDF\2019\19L122AFP.pdf
- forma promulgată.pdf	https://www.senat.ro/legis/PDF\2019\19L122FP.pdf
