0	1
OUG 13_24.04.2012.pdf	https://www.senat.ro/PAGINI/OUG13_2012.pdf
- adresa de înaintare a iniţiativei legislative pentru dezbatere.pdf	https://www.senat.ro/legis/PDF\2019\19L030AD.pdf
- forma iniţiatorului.pdf	https://www.senat.ro/legis/PDF\2019\19L030FG.pdf
- expunerea de motive la iniţiativa legislativă.pdf	https://www.senat.ro/legis/PDF\2019\19L030EM.pdf
- adresa pentru aviz la Consiliul legislativ, Guvern, Consiliul economic şi social,….pdf	https://www.senat.ro/legis/PDF\2019\19L030AV.pdf
- avizul Consiliului Legislativ.pdf	https://www.senat.ro/legis/PDF\2019\19L030LG.pdf
- avizul Consiliului Economic şi Social.pdf	https://www.senat.ro/legis/PDF\2019\19L030ES.pdf
- aviz - Comisia juridică, de numiri, disciplină, imunităţi şi validări.pdf	https://www.senat.ro/legis/PDF\2019\19L030ca12.pdf
- aviz - Comisia pentru administraţie publică.pdf	https://www.senat.ro/legis/PDF\2019\19L030ca41.pdf
- raportul comisiei sesizate în fond.pdf	https://www.senat.ro/legis/PDF\2019\19L030CR.pdf
- forma adoptată de Senat.pdf	https://www.senat.ro/legis/PDF\2019\19L030FS.pdf
- adresa prin care iniţiativa legislativă este transmisă la cealaltă Cameră spre dezbatere.pdf	https://www.senat.ro/legis/PDF\2019\19L030AM.pdf
- Evaluare primară.pdf	https://www.senat.ro/legis/PDF\2019\19L030EV.pdf
