0	1
OUG 13_24.04.2012.pdf	https://www.senat.ro/PAGINI/OUG13_2012.pdf
- adresa de înaintare a iniţiativei legislative pentru dezbatere.pdf	https://www.senat.ro/legis/PDF\2019\19L101AD.pdf
- adresa de desesizare a Camerei care nu are competenţă de primă Cameră sesizată.pdf	https://www.senat.ro/legis/PDF\2019\19L101DE.pdf
- forma iniţiatorului.pdf	https://www.senat.ro/legis/PDF\2019\19L101FG.pdf
- expunerea de motive la iniţiativa legislativă.pdf	https://www.senat.ro/legis/PDF\2019\19L101EM.pdf
- adresa pentru aviz la Consiliul legislativ, Guvern, Consiliul economic şi social,….pdf	https://www.senat.ro/legis/PDF\2019\19L101AV.pdf
- avizul Consiliului Legislativ.pdf	https://www.senat.ro/legis/PDF\2019\19L101LG.pdf
- avizul Consiliului Economic şi Social.pdf	https://www.senat.ro/legis/PDF\2019\19L101ES.pdf
- aviz - Comisia pentru administraţie publică.pdf	https://www.senat.ro/legis/PDF\2019\19L101ca41.pdf
- aviz - Comisia pentru învăţământ, ştiinţă, tineret şi sport.pdf	https://www.senat.ro/legis/PDF\2019\19L101ca9.pdf
- aviz - Comisia pentru sănătate publică.pdf	https://www.senat.ro/legis/PDF\2019\19L101ca14.pdf
- aviz - Comisia pentru drepturile omului, egalitate de şanse, culte şi minorităţi.pdf	https://www.senat.ro/legis/PDF\2019\19L101ca45.pdf
- raportul comisiei sesizate în fond.pdf	https://www.senat.ro/legis/PDF\2019\19L101CR.pdf
- adresa prin care se comunică respingerea iniţiativei legislative.pdf	https://www.senat.ro/legis/PDF\2019\19L101AA.pdf
- adresa prin care iniţiativa legislativă este transmisă la cealaltă Cameră spre dezbatere.pdf	https://www.senat.ro/legis/PDF\2019\19L101AM.pdf
- forma adoptată de Camera Deputaţilor.pdf	https://www.senat.ro/legis/PDF\2019\19L101FC.pdf
- adresa pentru exercitarea dreptului de sesizare a Curţii Constituţionale.pdf	https://www.senat.ro/legis/PDF\2019\19L101AXS.pdf
- forma trimisă la promulgare.pdf	https://www.senat.ro/legis/PDF\2019\19L101LP.pdf
- decretul de promulgare.pdf	https://www.senat.ro/legis/PDF\2019\19L101DP.pdf
- adresa pentru forma promulgată.pdf	https://www.senat.ro/legis/PDF\2019\19L101AFP.pdf
- forma promulgată.pdf	https://www.senat.ro/legis/PDF\2019\19L101FP.pdf
- Evaluare primară.pdf	https://www.senat.ro/legis/PDF\2019\19L101EV.pdf
