0	1
OUG 13_24.04.2012.pdf	https://www.senat.ro/PAGINI/OUG13_2012.pdf
- adresa de înaintare a iniţiativei legislative pentru dezbatere.pdf	https://www.senat.ro/legis/PDF\2016\16L557AD.pdf
- forma iniţiatorului.pdf	https://www.senat.ro/legis/PDF\2016\16L557FG.pdf
- expunerea de motive la iniţiativa legislativă.pdf	https://www.senat.ro/legis/PDF\2016\16L557EM.pdf
- avizul Consiliului Legislativ.pdf	https://www.senat.ro/legis/PDF\2016\16L557LG.pdf
- Ordonanţa Guvernului.pdf	https://www.senat.ro/legis/PDF\2016\16L557OG.pdf
- hotărârea de Guvern.pdf	https://www.senat.ro/legis/PDF\2016\16L557HG.pdf
- adresa cu privire la punctul de vedere formulat de Guvern.pdf	https://www.senat.ro/legis/PDF\2016\16L557APV.pdf
- aviz - Comisia economică, industrii şi servicii.pdf	https://www.senat.ro/legis/PDF\2016\16L557ca1.pdf
- forma adoptată de Senat.pdf	https://www.senat.ro/legis/PDF\2016\16L557FS.pdf
- adresa prin care iniţiativa legislativă este transmisă la cealaltă Cameră spre dezbatere.pdf	https://www.senat.ro/legis/PDF\2016\16L557AM.pdf
- forma adoptată de Camera Deputaţilor.pdf	https://www.senat.ro/legis/PDF\2016\16L557FC.pdf
- adresa pentru exercitarea dreptului de sesizare a Curţii Constituţionale.pdf	https://www.senat.ro/legis/PDF\2016\16L557AXS.pdf
- sesizarea Curţii Constituţionale.pdf	https://www.senat.ro/legis/PDF\2016\16L557SC.pdf
- decizia Curţii Constituţionale.pdf	https://www.senat.ro/legis/PDF\2016\16L557DC.pdf
- forma trimisă la promulgare.pdf	https://www.senat.ro/legis/PDF\2016\16L557LP.pdf
- raportul comisiei ca urmare a cererii de reexaminare a Președintelui României.pdf	https://www.senat.ro/legis/PDF\2016\16L557CX.pdf
- forma adoptată de Camera Deputaţilor - în urma reexaminării.pdf	https://www.senat.ro/legis/PDF\2016\16L557DX.pdf
- forma adoptată de Senat în urma reexaminării.pdf	https://www.senat.ro/legis/PDF\2016\16L557SX.pdf
- adresa prin care forma reexaminată este transmisă la cealaltă Cameră.pdf	https://www.senat.ro/legis/PDF\2016\16L557XD.pdf
- adresa pentru exercitarea dreptului de sesizare a Curţii Constituţionale în urma reexaminării.pdf	https://www.senat.ro/legis/PDF\2016\16L557XXS.pdf
- forma trimisă la promulgare după reexaminare.pdf	https://www.senat.ro/legis/PDF\2016\16L557PX.pdf
- decretul de promulgare.pdf	https://www.senat.ro/legis/PDF\2016\16L557DP.pdf
- adresa pentru forma promulgată.pdf	https://www.senat.ro/legis/PDF\2016\16L557AFP.pdf
- forma promulgată.pdf	https://www.senat.ro/legis/PDF\2016\16L557FP.pdf
