0	1
OUG 13_24.04.2012.pdf	https://www.senat.ro/PAGINI/OUG13_2012.pdf
- adresa de înaintare a iniţiativei legislative pentru dezbatere.pdf	https://www.senat.ro/legis/PDF\2016\16L633AD.pdf
- forma iniţiatorului.pdf	https://www.senat.ro/legis/PDF\2016\16L633FG.pdf
- expunerea de motive la iniţiativa legislativă.pdf	https://www.senat.ro/legis/PDF\2016\16L633EM.pdf
- avizul Consiliului Legislativ.pdf	https://www.senat.ro/legis/PDF\2016\16L633LG.pdf
- Ordonanţa Guvernului.pdf	https://www.senat.ro/legis/PDF\2016\16L633OG.pdf
- hotărârea de Guvern.pdf	https://www.senat.ro/legis/PDF\2016\16L633HG.pdf
- adresa cu privire la punctul de vedere formulat de Guvern.pdf	https://www.senat.ro/legis/PDF\2016\16L633APV.pdf
- aviz - Comisia pentru administraţie publică, organizarea teritoriului şi protecţia mediului.pdf	https://www.senat.ro/legis/PDF\2016\16L633ca11.pdf
- aviz - Comisia pentru afaceri europene.pdf	https://www.senat.ro/legis/PDF\2016\16L633ca16.pdf
- raportul comisiei sesizate în fond.pdf	https://www.senat.ro/legis/PDF\2016\16L633CR.pdf
- forma adoptată de Senat.pdf	https://www.senat.ro/legis/PDF\2016\16L633FS.pdf
- adresa prin care iniţiativa legislativă este transmisă la cealaltă Cameră spre dezbatere.pdf	https://www.senat.ro/legis/PDF\2016\16L633AM.pdf
- forma adoptată de Camera Deputaţilor.pdf	https://www.senat.ro/legis/PDF\2016\16L633FC.pdf
- adresa pentru exercitarea dreptului de sesizare a Curţii Constituţionale.pdf	https://www.senat.ro/legis/PDF\2016\16L633AXS.pdf
- sesizarea Curţii Constituţionale.pdf	https://www.senat.ro/legis/PDF\2016\16L633SC.pdf
- forma trimisă la promulgare.pdf	https://www.senat.ro/legis/PDF\2016\16L633LP.pdf
- forma adoptată de Camera Deputaţilor - în urma reexaminării.pdf	https://www.senat.ro/legis/PDF\2016\16L633DX.pdf
- decretul de promulgare.pdf	https://www.senat.ro/legis/PDF\2016\16L633DP.pdf
- adresa pentru forma promulgată.pdf	https://www.senat.ro/legis/PDF\2016\16L633AFP.pdf
- forma promulgată.pdf	https://www.senat.ro/legis/PDF\2016\16L633FP.pdf
