0	1
OUG 13_24.04.2012.pdf	https://www.senat.ro/PAGINI/OUG13_2012.pdf
- adresa de înaintare a iniţiativei legislative pentru dezbatere.pdf	https://www.senat.ro/legis/PDF\2019\19L209AD.pdf
- forma iniţiatorului.pdf	https://www.senat.ro/legis/PDF\2019\19L209FG.pdf
- expunerea de motive la iniţiativa legislativă.pdf	https://www.senat.ro/legis/PDF\2019\19L209EM.pdf
- adresa pentru aviz la Consiliul legislativ, Guvern, Consiliul economic şi social,….pdf	https://www.senat.ro/legis/PDF\2019\19L209AV.pdf
- avizul Consiliului Legislativ.pdf	https://www.senat.ro/legis/PDF\2019\19L209LG.pdf
- avizul Consiliului Economic şi Social.pdf	https://www.senat.ro/legis/PDF\2019\19L209ES.pdf
- punctul de vedere al Guvernului.pdf	https://www.senat.ro/legis/PDF\2019\19L209PV.pdf
- aviz - Comisia pentru drepturile omului, egalitate de şanse, culte şi minorităţi.pdf	https://www.senat.ro/legis/PDF\2019\19L209ca45.pdf
- raportul comisiei sesizate în fond.pdf	https://www.senat.ro/legis/PDF\2019\19L209CR.pdf
- adresa prin care se comunică respingerea iniţiativei legislative.pdf	https://www.senat.ro/legis/PDF\2019\19L209AA.pdf
- adresa prin care iniţiativa legislativă este transmisă la cealaltă Cameră spre dezbatere.pdf	https://www.senat.ro/legis/PDF\2019\19L209AM.pdf
- adresa prin care se comunică respingerea definitivă a iniţiativei legislative.pdf	https://www.senat.ro/legis/PDF\2019\19L209ARD.pdf
- Evaluare primară.pdf	https://www.senat.ro/legis/PDF\2019\19L209EV.pdf
