0	1
OUG 13_24.04.2012.pdf	https://www.senat.ro/PAGINI/OUG13_2012.pdf
- adresa de înaintare a iniţiativei legislative pentru dezbatere.pdf	https://www.senat.ro/legis/PDF\2019\19L141AD.pdf
- forma iniţiatorului.pdf	https://www.senat.ro/legis/PDF\2019\19L141FG.pdf
- expunerea de motive la iniţiativa legislativă.pdf	https://www.senat.ro/legis/PDF\2019\19L141EM.pdf
- avizul Consiliului Legislativ.pdf	https://www.senat.ro/legis/PDF\2019\19L141LG.pdf
- avizul Consiliului Economic şi Social.pdf	https://www.senat.ro/legis/PDF\2019\19L141ES.pdf
- Ordonanţa Guvernului.pdf	https://www.senat.ro/legis/PDF\2019\19L141OG.pdf
- hotărârea de Guvern.pdf	https://www.senat.ro/legis/PDF\2019\19L141HG.pdf
- aviz - Comisia juridică, de numiri, disciplină, imunităţi şi validări.pdf	https://www.senat.ro/legis/PDF\2019\19L141ca12.pdf
- aviz - Comisia economică, industrii şi servicii.pdf	https://www.senat.ro/legis/PDF\2019\19L141ca1.pdf
- aviz - Comisia pentru administraţie publică.pdf	https://www.senat.ro/legis/PDF\2019\19L141ca41.pdf
- aviz - Comisia pentru energie, infrastructură energetică şi resurse minerale.pdf	https://www.senat.ro/legis/PDF\2019\19L141ca43.pdf
- aviz - Comisia pentru comunicaţii şi tehnologia informaţiei.pdf	https://www.senat.ro/legis/PDF\2019\19L141ca44.pdf
- raportul comisiei sesizate în fond.pdf	https://www.senat.ro/legis/PDF\2019\19L141CR.pdf
- forma adoptată de Senat.pdf	https://www.senat.ro/legis/PDF\2019\19L141FS.pdf
- adresa prin care iniţiativa legislativă este transmisă la cealaltă Cameră spre dezbatere.pdf	https://www.senat.ro/legis/PDF\2019\19L141AM.pdf
