0	1
OUG 13_24.04.2012.pdf	https://www.senat.ro/PAGINI/OUG13_2012.pdf
- adresa de înaintare a iniţiativei legislative pentru dezbatere.pdf	https://www.senat.ro/legis/PDF\2019\19L325AD.pdf
- forma iniţiatorului.pdf	https://www.senat.ro/legis/PDF\2019\19L325FG.pdf
- expunerea de motive la iniţiativa legislativă.pdf	https://www.senat.ro/legis/PDF\2019\19L325EM.pdf
- adresa pentru aviz la Consiliul legislativ, Guvern, Consiliul economic şi social,….pdf	https://www.senat.ro/legis/PDF\2019\19L325AV.pdf
- avizul Consiliului Legislativ.pdf	https://www.senat.ro/legis/PDF\2019\19L325LG.pdf
- avizul Consiliului Economic şi Social.pdf	https://www.senat.ro/legis/PDF\2019\19L325ES.pdf
- aviz - Comisia pentru politică externă.pdf	https://www.senat.ro/legis/PDF\2019\19L325ca5.pdf
- aviz - Comisia pentru administraţie publică.pdf	https://www.senat.ro/legis/PDF\2019\19L325ca41.pdf
- raportul comisiei sesizate în fond.pdf	https://www.senat.ro/legis/PDF\2019\19L325CR.pdf
- forma adoptată de Senat.pdf	https://www.senat.ro/legis/PDF\2019\19L325FS.pdf
- adresa prin care iniţiativa legislativă este transmisă la cealaltă Cameră spre dezbatere.pdf	https://www.senat.ro/legis/PDF\2019\19L325AM.pdf
- forma adoptată de Camera Deputaţilor.pdf	https://www.senat.ro/legis/PDF\2019\19L325FC.pdf
- adresa pentru exercitarea dreptului de sesizare a Curţii Constituţionale.pdf	https://www.senat.ro/legis/PDF\2019\19L325AXS.pdf
- forma trimisă la promulgare.pdf	https://www.senat.ro/legis/PDF\2019\19L325LP.pdf
- decretul de promulgare.pdf	https://www.senat.ro/legis/PDF\2019\19L325DP.pdf
- adresa pentru forma promulgată.pdf	https://www.senat.ro/legis/PDF\2019\19L325AFP.pdf
- forma promulgată.pdf	https://www.senat.ro/legis/PDF\2019\19L325FP.pdf
