0	1
OUG 13_24.04.2012.pdf	https://www.senat.ro/PAGINI/OUG13_2012.pdf
- adresa de înaintare a iniţiativei legislative pentru dezbatere.pdf	https://www.senat.ro/legis/PDF\2018\18L385AD.pdf
- adresa de desesizare a Camerei care nu are competenţă de primă Cameră sesizată.pdf	https://www.senat.ro/legis/PDF\2018\18L385DE.pdf
- forma iniţiatorului.pdf	https://www.senat.ro/legis/PDF\2018\18L385FG.pdf
- expunerea de motive la iniţiativa legislativă.pdf	https://www.senat.ro/legis/PDF\2018\18L385EM.pdf
- adresa pentru aviz la Consiliul legislativ, Guvern, Consiliul economic şi social,….pdf	https://www.senat.ro/legis/PDF\2018\18L385AV.pdf
- avizul Consiliului Legislativ.pdf	https://www.senat.ro/legis/PDF\2018\18L385LG.pdf
- avizul Consiliului Economic şi Social.pdf	https://www.senat.ro/legis/PDF\2018\18L385ES.pdf
- adresa de sesizare a comisiei pentru stabilirea competenţei de dezbatere ca primă Cameră sesizată.pdf	https://www.senat.ro/legis/PDF\2018\18L385SJ.pdf
- punctul de vedere al Guvernului.pdf	https://www.senat.ro/legis/PDF\2018\18L385PV.pdf
- aviz - Comisia pentru buget, finanţe, activitate bancară şi piaţă de capital.pdf	https://www.senat.ro/legis/PDF\2018\18L385ca3.pdf
- aviz - Comisia pentru muncă, familie şi protecţie socială.pdf	https://www.senat.ro/legis/PDF\2018\18L385ca8.pdf
- aviz - Comisia pentru sănătate publică.pdf	https://www.senat.ro/legis/PDF\2018\18L385ca14.pdf
- aviz - Comisia pentru egalitatea de şanse.pdf	https://www.senat.ro/legis/PDF\2018\18L385ca15.pdf
- raportul comisiei sesizate în fond.pdf	https://www.senat.ro/legis/PDF\2018\18L385CR.pdf
- forma adoptată de Senat.pdf	https://www.senat.ro/legis/PDF\2018\18L385FS.pdf
- adresa prin care iniţiativa legislativă este transmisă la cealaltă Cameră spre dezbatere.pdf	https://www.senat.ro/legis/PDF\2018\18L385AM.pdf
- forma adoptată de Camera Deputaţilor.pdf	https://www.senat.ro/legis/PDF\2018\18L385FC.pdf
- adresa pentru exercitarea dreptului de sesizare a Curţii Constituţionale.pdf	https://www.senat.ro/legis/PDF\2018\18L385AXS.pdf
- sesizarea Curţii Constituţionale.pdf	https://www.senat.ro/legis/PDF\2018\18L385SC.pdf
- decizia Curţii Constituţionale.pdf	https://www.senat.ro/legis/PDF\2018\18L385DC.pdf
- adresa pentru forma de semnat pentru promulgare.pdf	https://www.senat.ro/legis/PDF\2018\18L385AL.pdf
- forma trimisă la promulgare.pdf	https://www.senat.ro/legis/PDF\2018\18L385LP.pdf
- adresa pentru raport suplimentar la cererea de reexaminare.pdf	https://www.senat.ro/legis/PDF\2018\18L385XT.pdf
- raport suplimentar la reexaminare, ca urmare a Deciziei Curții Constituționale.pdf	https://www.senat.ro/legis/PDF\2018\18L385X1.pdf
- forma adoptată de Camera Deputaţilor - în urma reexaminării.pdf	https://www.senat.ro/legis/PDF\2018\18L385DX.pdf
- adresa prin care forma reexaminată este transmisă la cealaltă Cameră.pdf	https://www.senat.ro/legis/PDF\2018\18L385XD.pdf
- raportul comisiei la Decizia Curţii Constituţionale.pdf	https://www.senat.ro/legis/PDF\2018\18L385RC.pdf
- Evaluare primară.pdf	https://www.senat.ro/legis/PDF\2018\18L385EV.pdf
