0	1
OUG 13_24.04.2012.pdf	https://www.senat.ro/PAGINI/OUG13_2012.pdf
- adresa de înaintare a iniţiativei legislative pentru dezbatere.pdf	https://www.senat.ro/legis/PDF\2018\18L123AD.pdf
- forma iniţiatorului.pdf	https://www.senat.ro/legis/PDF\2018\18L123FG.pdf
- expunerea de motive la iniţiativa legislativă.pdf	https://www.senat.ro/legis/PDF\2018\18L123EM.pdf
- avizul Consiliului Legislativ.pdf	https://www.senat.ro/legis/PDF\2018\18L123LG.pdf
- avizul Consiliului Economic şi Social.pdf	https://www.senat.ro/legis/PDF\2018\18L123ES.pdf
- Ordonanţa Guvernului.pdf	https://www.senat.ro/legis/PDF\2018\18L123OG.pdf
- hotărârea de Guvern.pdf	https://www.senat.ro/legis/PDF\2018\18L123HG.pdf
- aviz - Comisia pentru buget, finanţe, activitate bancară şi piaţă de capital.pdf	https://www.senat.ro/legis/PDF\2018\18L123ca3.pdf
- aviz - Comisia pentru administraţie publică, organizarea teritoriului şi protecţia mediului.pdf	https://www.senat.ro/legis/PDF\2018\18L123ca11.pdf
- raportul comisiei sesizate în fond.pdf	https://www.senat.ro/legis/PDF\2018\18L123CR.pdf
- forma adoptată de Senat.pdf	https://www.senat.ro/legis/PDF\2018\18L123FS.pdf
- adresa prin care iniţiativa legislativă este transmisă la cealaltă Cameră spre dezbatere.pdf	https://www.senat.ro/legis/PDF\2018\18L123AM.pdf
- forma adoptată de Camera Deputaţilor.pdf	https://www.senat.ro/legis/PDF\2018\18L123FC.pdf
- adresa pentru exercitarea dreptului de sesizare a Curţii Constituţionale.pdf	https://www.senat.ro/legis/PDF\2018\18L123AXS.pdf
- forma trimisă la promulgare.pdf	https://www.senat.ro/legis/PDF\2018\18L123LP.pdf
- decretul de promulgare.pdf	https://www.senat.ro/legis/PDF\2018\18L123DP.pdf
- adresa pentru forma promulgată.pdf	https://www.senat.ro/legis/PDF\2018\18L123AFP.pdf
- forma promulgată.pdf	https://www.senat.ro/legis/PDF\2018\18L123FP.pdf
